{
    "all_alone.flac": 0.15112607872026915,
    "blue_horizon.flac": 0.19477956508787614,
    "blues_in_the_closet.flac": 0.17530764575347985,
    "body_and_soul(hawkins).flac": 0.1747605757128002,
    "cotton_tail.flac": 0.15266179540709848,
    "cotton_tail_fitzgerald.flac": 0.1340304182509497,
    "girl_from_ipanema.flac": 0.13423415142323072,
    "haig_and_haig.flac": 0.14373550311107824,
    "i_cant_get_started.flac": 0.1432101418134935,
    "i_got_rhythm.flac": 0.10972969426584452,
    "in_a_mellotone.flac": 0.2019571435740451,
    "isfahan.flac": 0.09586731493099092,
    "king_porter_stomp.flac": 0.3191826569310014,
    "lester_leaps_in.flac": 0.18083636177509335,
    "misterioso.flac": 0.1303837692495722,
    "oh_lady_be_good.flac": 0.13572510313854555,
    "one_by_one.flac": 0.12341780410783723,
    "organ_grinders_swing.flac": 0.27291964896993803,
    "rockin_chair.flac": 0.2553063127296663,
    "summertime.flac": 0.12174088456301367,
    "the_man_i_love.flac": 0.15593187473742,
    "watermelon_man.flac": 0.13760179724796398,
    "west_coast_blues.flac": 0.13448450084702945,
    "wrap_your_troubles_in_dreams.flac": 0.21448087431694002
}