{
    "all_alone.flac": 0.3216866624570261,
    "blue_horizon.flac": 0.3827077747989277,
    "blues_in_the_closet.flac": 0.2785409063399783,
    "body_and_soul(hawkins).flac": 0.26746018716138575,
    "cotton_tail.flac": 0.1810542797494783,
    "cotton_tail_fitzgerald.flac": 0.1457993843925408,
    "girl_from_ipanema.flac": 0.31332536691485124,
    "haig_and_haig.flac": 0.18254114355141549,
    "i_cant_get_started.flac": 0.2613880532874947,
    "i_got_rhythm.flac": 0.20988059309801846,
    "in_a_mellotone.flac": 0.22968836252320968,
    "isfahan.flac": 0.16969887076537016,
    "king_porter_stomp.flac": 0.4160864889341709,
    "lester_leaps_in.flac": 0.14920407432051971,
    "misterioso.flac": 0.21055976533854837,
    "oh_lady_be_good.flac": 0.2201681549950393,
    "one_by_one.flac": 0.18727979747892692,
    "organ_grinders_swing.flac": 0.40766789070766096,
    "rockin_chair.flac": 0.37486974167717835,
    "summertime.flac": 0.24696152100458918,
    "the_man_i_love.flac": 0.3203955660407845,
    "watermelon_man.flac": 0.2141635393530917,
    "west_coast_blues.flac": 0.3326299521502664,
    "wrap_your_troubles_in_dreams.flac": 0.31576893052302896
}