{
    "airegin.flac": 0.3000508627098088,
    "all_alone.flac": 0.15112607872026915,
    "bags_groove.flac": 0.17648756276331734,
    "big_butter_and_eggman.flac": 0.28174778761061925,
    "bikini.flac": 0.1964220351390919,
    "black_and_tan_fantasy.flac": 0.4550526315789475,
    "black_bottom_stomp.flac": 0.3637754321554232,
    "black_water_blues.flac": 0.2225599123112951,
    "blue_7.flac": 0.05166024310702636,
    "blue_horizon.flac": 0.19477956508787614,
    "blue_serge.flac": 0.19970788704965928,
    "blues_in_the_closet.flac": 0.17530764575347985,
    "body_and_soul(goodman).flac": 0.24285646590532184,
    "body_and_soul(hawkins).flac": 0.1747605757128002,
    "boplicity.flac": 0.1101198620765146,
    "breakfast_feud.flac": 0.20281509916826596,
    "concerto_for_cootie.flac": 0.21328863761444933,
    "cotton_tail.flac": 0.15266179540709848,
    "cotton_tail_fitzgerald.flac": 0.1340304182509497,
    "crazeology.flac": 0.14569904423205182,
    "daahoud.flac": 0.12726606102578725,
    "dead_man_blues.flac": 0.32851911074431334,
    "dexter_rides_again.flac": 0.1929039800742134,
    "diminuendo_and_crescendo_in_blue.flac": 0.24387333129804897,
    "dinah.flac": 0.3515635053403683,
    "dinah_fats_waller.flac": 0.2817064810420296,
    "dinah_red_nichols.flac": 0.4192079410560783,
    "dippermouth_blues.flac": 0.27240985697978914,
    "django.flac": 0.27809286235379993,
    "doggin_around.flac": 0.05988587889867625,
    "east_st_louis.flac": 0.32210199516048044,
    "embraceable_you.flac": 0.1651605544832429,
    "everybody_loves_my_baby.flac": 0.033892431383421164,
    "evidence.flac": 0.10308278937504034,
    "for_dancers_only.flac": 0.2726484612050278,
    "four_brothers.flac": 0.22184162804755228,
    "four_or_five_times.flac": 0.22434809442987175,
    "from_monday_on.flac": 0.34308960847485365,
    "giant_steps.flac": 0.21047320807237288,
    "girl_from_ipanema.flac": 0.13423415142323072,
    "grandpas_spells.flac": 0.41554516423357657,
    "haig_and_haig.flac": 0.14373550311107824,
    "handful_of_riffs.flac": 0.0023955283470854347,
    "harlem_congo.flac": 0.25320332839859117,
    "he_s_funny_that_way.flac": 0.14877730072801967,
    "honeysuckle_rose.flac": 0.2859601010915741,
    "honky_tonk_train.flac": 0.44093353290093695,
    "hotter_than_that.flac": 0.2704832222160998,
    "i_cant_believe_you_are_in_love_with_me.flac": 0.19039579079629332,
    "i_cant_get_started.flac": 0.1432101418134935,
    "i_found_a_new_baby.flac": 0.3133744972525916,
    "i_got_rhythm.flac": 0.10972969426584452,
    "i_gotta_right_to_sing_the_blues.flac": 0.16388888888888886,
    "in_a_mellotone.flac": 0.2019571435740451,
    "in_gloryland.flac": 0.026519276846002998,
    "indiana.flac": 0.14523021366235347,
    "isfahan.flac": 0.09586731493099092,
    "king_porter_stomp.flac": 0.3191826569310014,
    "ko-ko(ellington).flac": 0.26122373981748015,
    "lady_bird.flac": 0.12443243864589945,
    "lester_leaps_in.flac": 0.18083636177509335,
    "livery_stable_blues.flac": 0.3345572807385643,
    "lost_your_head_blues.flac": 0.23188487584650136,
    "manteca.flac": 0.23757837609989912,
    "maple_leaf_rag(braxton).flac": 0.4054237903042943,
    "maple_leaf_rag(hyman).flac": 0.5191705007668196,
    "mean_to_me.flac": 0.24863788767812264,
    "minor_swing.flac": 0.5018987080529985,
    "misterioso.flac": 0.1303837692495722,
    "moanin.flac": 0.1111477115117892,
    "moten_swing.flac": 0.20482805517777347,
    "my_favorite_things.flac": 0.16899112479623227,
    "new_east_st_louis.flac": 0.2862525627528122,
    "night_in_tunisia.flac": 0.17284672671267598,
    "oh_lady_be_good.flac": 0.13572510313854555,
    "one_by_one.flac": 0.12341780410783723,
    "one_oclock_jump.flac": 0.2794220712706887,
    "organ_grinders_swing.flac": 0.27291964896993803,
    "parkers_mood.flac": 0.20431351351351296,
    "pentup_house.flac": 0.10374655956861188,
    "potato_head_blues.flac": 0.39186826820053056,
    "riverboat_shuffle.flac": 0.46488469601677246,
    "rockin_chair.flac": 0.2553063127296663,
    "september_in_the_rain.flac": 0.15721166032953107,
    "shaw_nuff.flac": 0.1563707614434225,
    "singin_the_blues.flac": 0.34651855865619074,
    "st_louis_blues.flac": 0.2912460526996944,
    "st_thomas.flac": 0.08412267175759389,
    "stompin_at_the_savoy.flac": 0.15103061773739096,
    "struttin_with_some_barbecue.flac": 0.37469240444031326,
    "subconscious_lee.flac": 0.19334916864608098,
    "summertime.flac": 0.12174088456301367,
    "sweethearts_on_parade.flac": 0.433301750361542,
    "swing_that_music.flac": 0.49273280864020236,
    "thats_a_serious_thing.flac": 0.33757931844888406,
    "the_golden_bullet.flac": 0.3168488403092506,
    "the_man_i_love.flac": 0.15593187473742,
    "the_preacher.flac": 0.1861610061925455,
    "the_stampede.flac": 0.03956010386436526,
    "these_foolish_things.flac": 0.19236964425422243,
    "tricroism.flac": 0.12709537572254326,
    "walkin_shoes.flac": 0.11728743899306418,
    "watermelon_man.flac": 0.13760179724796398,
    "weather_bird.flac": 0.18699824953220268,
    "west_coast_blues.flac": 0.13448450084702945,
    "west_end_blues.flac": 0.35347011774057296,
    "when_lights_are_low.flac": 0.1515151515151515,
    "work_song.flac": 0.1747770453664207,
    "wrap_your_troubles_in_dreams.flac": 0.21448087431694002,
    "wrappin_it_up.flac": 0.2955488144617091,
    "you_d_be_so_nice_to_come_home_to.flac": 0.0958399157451287
}