{
    "airegin.flac": 0.3000508627098088,
    "all_alone.flac": 0.15112607872026915,
    "bags_groove.flac": 0.17648756276331734,
    "bikini.flac": 0.1964220351390919,
    "blue_7.flac": 0.05166024310702636,
    "blue_horizon.flac": 0.19477956508787614,
    "blues_in_the_closet.flac": 0.17530764575347985,
    "body_and_soul(hawkins).flac": 0.1747605757128002,
    "boplicity.flac": 0.1101198620765146,
    "cotton_tail.flac": 0.15266179540709848,
    "cotton_tail_fitzgerald.flac": 0.1340304182509497,
    "crazeology.flac": 0.14569904423205182,
    "daahoud.flac": 0.12726606102578725,
    "dexter_rides_again.flac": 0.1929039800742134,
    "evidence.flac": 0.10308278937504034,
    "giant_steps.flac": 0.21047320807237288,
    "girl_from_ipanema.flac": 0.13423415142323072,
    "haig_and_haig.flac": 0.14373550311107824,
    "i_cant_get_started.flac": 0.1432101418134935,
    "i_got_rhythm.flac": 0.10972969426584452,
    "in_a_mellotone.flac": 0.2019571435740451,
    "indiana.flac": 0.14523021366235347,
    "isfahan.flac": 0.09586731493099092,
    "king_porter_stomp.flac": 0.3191826569310014,
    "lester_leaps_in.flac": 0.18083636177509335,
    "misterioso.flac": 0.1303837692495722,
    "moanin.flac": 0.1111477115117892,
    "my_favorite_things.flac": 0.16899112479623227,
    "night_in_tunisia.flac": 0.17284672671267598,
    "oh_lady_be_good.flac": 0.13572510313854555,
    "one_by_one.flac": 0.12341780410783723,
    "organ_grinders_swing.flac": 0.27291964896993803,
    "parkers_mood.flac": 0.20431351351351296,
    "pentup_house.flac": 0.10374655956861188,
    "rockin_chair.flac": 0.2553063127296663,
    "shaw_nuff.flac": 0.1563707614434225,
    "st_thomas.flac": 0.08412267175759389,
    "subconscious_lee.flac": 0.19334916864608098,
    "summertime.flac": 0.12174088456301367,
    "the_man_i_love.flac": 0.15593187473742,
    "tricroism.flac": 0.12709537572254326,
    "watermelon_man.flac": 0.13760179724796398,
    "west_coast_blues.flac": 0.13448450084702945,
    "work_song.flac": 0.1747770453664207,
    "wrap_your_troubles_in_dreams.flac": 0.21448087431694002
}