{
    "airegin.flac": 0.38765209906490894,
    "all_alone.flac": 0.3216866624570261,
    "bags_groove.flac": 0.27477347492352994,
    "big_butter_and_eggman.flac": 0.3933628318584072,
    "bikini.flac": 0.3787060761346998,
    "black_and_tan_fantasy.flac": 0.4730526315789474,
    "black_bottom_stomp.flac": 0.40732242109020445,
    "black_water_blues.flac": 0.35603607194459674,
    "blue_7.flac": 0.09831010969463456,
    "blue_horizon.flac": 0.3827077747989277,
    "blue_serge.flac": 0.22638753651411897,
    "blues_in_the_closet.flac": 0.2785409063399783,
    "body_and_soul(goodman).flac": 0.29322845093114736,
    "body_and_soul(hawkins).flac": 0.26746018716138575,
    "boplicity.flac": 0.18439056428219625,
    "breakfast_feud.flac": 0.32814388284637797,
    "concerto_for_cootie.flac": 0.26832441086706316,
    "cotton_tail.flac": 0.1810542797494783,
    "cotton_tail_fitzgerald.flac": 0.1457993843925408,
    "crazeology.flac": 0.17176039119804415,
    "daahoud.flac": 0.15105715566056943,
    "dead_man_blues.flac": 0.5321091453035531,
    "dexter_rides_again.flac": 0.24902150155034783,
    "diminuendo_and_crescendo_in_blue.flac": 0.37009797119147486,
    "dinah.flac": 0.5648565178226742,
    "dinah_fats_waller.flac": 0.34097980277382234,
    "dinah_red_nichols.flac": 0.6066311911584115,
    "dippermouth_blues.flac": 0.35755052709326535,
    "django.flac": 0.3739439437083762,
    "doggin_around.flac": 0.09207246135948129,
    "east_st_louis.flac": 0.436561201661873,
    "embraceable_you.flac": 0.3142217932970697,
    "everybody_loves_my_baby.flac": 0.02377321874133634,
    "evidence.flac": 0.12712466877787099,
    "for_dancers_only.flac": 0.38578240138708275,
    "four_brothers.flac": 0.24999999999999972,
    "four_or_five_times.flac": 0.4012412350614616,
    "from_monday_on.flac": 0.46649920821274493,
    "giant_steps.flac": 0.13215031315240072,
    "girl_from_ipanema.flac": 0.31332536691485124,
    "grandpas_spells.flac": 0.3316035583941612,
    "haig_and_haig.flac": 0.18254114355141549,
    "handful_of_riffs.flac": 0.0,
    "harlem_congo.flac": 0.1892899076012045,
    "he_s_funny_that_way.flac": 0.2353929438118349,
    "honeysuckle_rose.flac": 0.3425283647900198,
    "honky_tonk_train.flac": 0.7658961139752751,
    "hotter_than_that.flac": 0.37688026888533777,
    "i_cant_believe_you_are_in_love_with_me.flac": 0.3094471493639074,
    "i_cant_get_started.flac": 0.2613880532874947,
    "i_found_a_new_baby.flac": 0.5322608055288045,
    "i_got_rhythm.flac": 0.20988059309801846,
    "i_gotta_right_to_sing_the_blues.flac": 0.2485838779956429,
    "in_a_mellotone.flac": 0.22968836252320968,
    "in_gloryland.flac": 0.018024395556523493,
    "indiana.flac": 0.16199217574480917,
    "isfahan.flac": 0.16969887076537016,
    "king_porter_stomp.flac": 0.4160864889341709,
    "ko-ko(ellington).flac": 0.5105653212470145,
    "lady_bird.flac": 0.24219782746134783,
    "lester_leaps_in.flac": 0.14920407432051971,
    "livery_stable_blues.flac": 0.5435900125891727,
    "lost_your_head_blues.flac": 0.21461625282166993,
    "manteca.flac": 0.2985404921228725,
    "maple_leaf_rag(braxton).flac": 0.4311369098907077,
    "maple_leaf_rag(hyman).flac": 0.5912515836500633,
    "mean_to_me.flac": 0.31391450125733456,
    "minor_swing.flac": 0.6674371568910724,
    "misterioso.flac": 0.21055976533854837,
    "moanin.flac": 0.14512829403606053,
    "moten_swing.flac": 0.2195939382164366,
    "my_favorite_things.flac": 0.21058986898508733,
    "new_east_st_louis.flac": 0.36504682218651263,
    "night_in_tunisia.flac": 0.3073263929504429,
    "oh_lady_be_good.flac": 0.2201681549950393,
    "one_by_one.flac": 0.18727979747892692,
    "one_oclock_jump.flac": 0.3713407730874981,
    "organ_grinders_swing.flac": 0.40766789070766096,
    "parkers_mood.flac": 0.4102054054054063,
    "pentup_house.flac": 0.25945065438409215,
    "potato_head_blues.flac": 0.40517678903738746,
    "riverboat_shuffle.flac": 0.5721174004192873,
    "rockin_chair.flac": 0.37486974167717835,
    "september_in_the_rain.flac": 0.30038022813688203,
    "shaw_nuff.flac": 0.18728569095955958,
    "singin_the_blues.flac": 0.5562178271471145,
    "st_louis_blues.flac": 0.42993218408655554,
    "st_thomas.flac": 0.20104266098832493,
    "stompin_at_the_savoy.flac": 0.25235094829496924,
    "struttin_with_some_barbecue.flac": 0.5226663750205066,
    "subconscious_lee.flac": 0.32238717339667483,
    "summertime.flac": 0.24696152100458918,
    "sweethearts_on_parade.flac": 0.4651174387872137,
    "swing_that_music.flac": 0.4724536106164191,
    "thats_a_serious_thing.flac": 0.38265569917743814,
    "the_golden_bullet.flac": 0.33051186350306594,
    "the_man_i_love.flac": 0.3203955660407845,
    "the_preacher.flac": 0.22920112312011923,
    "the_stampede.flac": 0.014866860139504182,
    "these_foolish_things.flac": 0.3498090109991252,
    "tricroism.flac": 0.2933164739884391,
    "walkin_shoes.flac": 0.17939892114050804,
    "watermelon_man.flac": 0.2141635393530917,
    "weather_bird.flac": 0.20281282066759157,
    "west_coast_blues.flac": 0.3326299521502664,
    "west_end_blues.flac": 0.4575984897411693,
    "when_lights_are_low.flac": 0.21571648690292722,
    "work_song.flac": 0.33784412563009,
    "wrap_your_troubles_in_dreams.flac": 0.31576893052302896,
    "wrappin_it_up.flac": 0.504488330341113,
    "you_d_be_so_nice_to_come_home_to.flac": 0.1354514071733663
}