{
    "for_dancers_only.flac": 0.38578240138708275,
    "four_or_five_times.flac": 0.4012412350614616
}