{
    "for_dancers_only.flac": 0.2726484612050278,
    "four_or_five_times.flac": 0.22434809442987175
}