{
    "airegin.flac": 0.3000508627098088,
    "bags_groove.flac": 0.17648756276331734,
    "bikini.flac": 0.1964220351390919,
    "blue_7.flac": 0.05166024310702636,
    "boplicity.flac": 0.1101198620765146,
    "crazeology.flac": 0.14569904423205182,
    "daahoud.flac": 0.12726606102578725,
    "dexter_rides_again.flac": 0.1929039800742134,
    "evidence.flac": 0.10308278937504034,
    "giant_steps.flac": 0.21047320807237288,
    "indiana.flac": 0.14523021366235347,
    "moanin.flac": 0.1111477115117892,
    "my_favorite_things.flac": 0.16899112479623227,
    "night_in_tunisia.flac": 0.17284672671267598,
    "parkers_mood.flac": 0.20431351351351296,
    "pentup_house.flac": 0.10374655956861188,
    "shaw_nuff.flac": 0.1563707614434225,
    "st_thomas.flac": 0.08412267175759389,
    "subconscious_lee.flac": 0.19334916864608098,
    "tricroism.flac": 0.12709537572254326,
    "work_song.flac": 0.1747770453664207
}