{
    "airegin.flac": 0.38765209906490894,
    "bags_groove.flac": 0.27477347492352994,
    "bikini.flac": 0.3787060761346998,
    "blue_7.flac": 0.09831010969463456,
    "boplicity.flac": 0.18439056428219625,
    "crazeology.flac": 0.17176039119804415,
    "daahoud.flac": 0.15105715566056943,
    "dexter_rides_again.flac": 0.24902150155034783,
    "evidence.flac": 0.12712466877787099,
    "giant_steps.flac": 0.13215031315240072,
    "indiana.flac": 0.16199217574480917,
    "moanin.flac": 0.14512829403606053,
    "my_favorite_things.flac": 0.21058986898508733,
    "night_in_tunisia.flac": 0.3073263929504429,
    "parkers_mood.flac": 0.4102054054054063,
    "pentup_house.flac": 0.25945065438409215,
    "shaw_nuff.flac": 0.18728569095955958,
    "st_thomas.flac": 0.20104266098832493,
    "subconscious_lee.flac": 0.32238717339667483,
    "tricroism.flac": 0.2933164739884391,
    "work_song.flac": 0.33784412563009
}