{
    "black_water_blues.flac": 0.2225599123112951,
    "dippermouth_blues.flac": 0.27240985697978914,
    "handful_of_riffs.flac": 0.0023955283470854347,
    "in_gloryland.flac": 0.026519276846002998,
    "livery_stable_blues.flac": 0.3345572807385643,
    "lost_your_head_blues.flac": 0.23188487584650136,
    "singin_the_blues.flac": 0.34651855865619074,
    "st_louis_blues.flac": 0.2912460526996944
}