{
    "black_water_blues.flac": 0.35603607194459674,
    "dippermouth_blues.flac": 0.35755052709326535,
    "handful_of_riffs.flac": 0.0,
    "in_gloryland.flac": 0.018024395556523493,
    "livery_stable_blues.flac": 0.5435900125891727,
    "lost_your_head_blues.flac": 0.21461625282166993,
    "singin_the_blues.flac": 0.5562178271471145,
    "st_louis_blues.flac": 0.42993218408655554
}