{
    "big_butter_and_eggman.flac": 0.28174778761061925,
    "black_and_tan_fantasy.flac": 0.4550526315789475,
    "black_bottom_stomp.flac": 0.3637754321554232,
    "blue_serge.flac": 0.19970788704965928,
    "body_and_soul(goodman).flac": 0.24285646590532184,
    "breakfast_feud.flac": 0.20281509916826596,
    "concerto_for_cootie.flac": 0.21328863761444933,
    "dead_man_blues.flac": 0.32851911074431334,
    "diminuendo_and_crescendo_in_blue.flac": 0.24387333129804897,
    "dinah.flac": 0.3515635053403683,
    "dinah_fats_waller.flac": 0.2817064810420296,
    "dinah_red_nichols.flac": 0.4192079410560783,
    "django.flac": 0.27809286235379993,
    "doggin_around.flac": 0.05988587889867625,
    "east_st_louis.flac": 0.32210199516048044,
    "embraceable_you.flac": 0.1651605544832429,
    "everybody_loves_my_baby.flac": 0.033892431383421164,
    "for_dancers_only.flac": 0.2726484612050278,
    "four_brothers.flac": 0.22184162804755228,
    "four_or_five_times.flac": 0.22434809442987175,
    "from_monday_on.flac": 0.34308960847485365,
    "grandpas_spells.flac": 0.41554516423357657,
    "harlem_congo.flac": 0.25320332839859117,
    "he_s_funny_that_way.flac": 0.14877730072801967,
    "honeysuckle_rose.flac": 0.2859601010915741,
    "honky_tonk_train.flac": 0.44093353290093695,
    "hotter_than_that.flac": 0.2704832222160998,
    "i_cant_believe_you_are_in_love_with_me.flac": 0.19039579079629332,
    "i_found_a_new_baby.flac": 0.3133744972525916,
    "i_gotta_right_to_sing_the_blues.flac": 0.16388888888888886,
    "ko-ko(ellington).flac": 0.26122373981748015,
    "lady_bird.flac": 0.12443243864589945,
    "lester_leaps_in.flac": 0.18083636177509335,
    "manteca.flac": 0.23757837609989912,
    "maple_leaf_rag(braxton).flac": 0.4054237903042943,
    "maple_leaf_rag(hyman).flac": 0.5191705007668196,
    "mean_to_me.flac": 0.24863788767812264,
    "minor_swing.flac": 0.5018987080529985,
    "moten_swing.flac": 0.20482805517777347,
    "new_east_st_louis.flac": 0.2862525627528122,
    "one_oclock_jump.flac": 0.2794220712706887,
    "potato_head_blues.flac": 0.39186826820053056,
    "riverboat_shuffle.flac": 0.46488469601677246,
    "september_in_the_rain.flac": 0.15721166032953107,
    "stompin_at_the_savoy.flac": 0.15103061773739096,
    "struttin_with_some_barbecue.flac": 0.37469240444031326,
    "sweethearts_on_parade.flac": 0.433301750361542,
    "swing_that_music.flac": 0.49273280864020236,
    "thats_a_serious_thing.flac": 0.33757931844888406,
    "the_golden_bullet.flac": 0.3168488403092506,
    "the_preacher.flac": 0.1861610061925455,
    "the_stampede.flac": 0.03956010386436526,
    "these_foolish_things.flac": 0.19236964425422243,
    "walkin_shoes.flac": 0.11728743899306418,
    "weather_bird.flac": 0.18699824953220268,
    "west_end_blues.flac": 0.35347011774057296,
    "when_lights_are_low.flac": 0.1515151515151515,
    "wrappin_it_up.flac": 0.2955488144617091,
    "you_d_be_so_nice_to_come_home_to.flac": 0.0958399157451287
}