{
    "big_butter_and_eggman.flac": 0.3933628318584072,
    "black_and_tan_fantasy.flac": 0.4730526315789474,
    "black_bottom_stomp.flac": 0.40732242109020445,
    "blue_serge.flac": 0.22638753651411897,
    "body_and_soul(goodman).flac": 0.29322845093114736,
    "breakfast_feud.flac": 0.32814388284637797,
    "concerto_for_cootie.flac": 0.26832441086706316,
    "dead_man_blues.flac": 0.5321091453035531,
    "diminuendo_and_crescendo_in_blue.flac": 0.37009797119147486,
    "dinah.flac": 0.5648565178226742,
    "dinah_fats_waller.flac": 0.34097980277382234,
    "dinah_red_nichols.flac": 0.6066311911584115,
    "django.flac": 0.3739439437083762,
    "doggin_around.flac": 0.09207246135948129,
    "east_st_louis.flac": 0.436561201661873,
    "embraceable_you.flac": 0.3142217932970697,
    "everybody_loves_my_baby.flac": 0.02377321874133634,
    "for_dancers_only.flac": 0.38578240138708275,
    "four_brothers.flac": 0.24999999999999972,
    "four_or_five_times.flac": 0.4012412350614616,
    "from_monday_on.flac": 0.46649920821274493,
    "grandpas_spells.flac": 0.3316035583941612,
    "harlem_congo.flac": 0.1892899076012045,
    "he_s_funny_that_way.flac": 0.2353929438118349,
    "honeysuckle_rose.flac": 0.3425283647900198,
    "honky_tonk_train.flac": 0.7658961139752751,
    "hotter_than_that.flac": 0.37688026888533777,
    "i_cant_believe_you_are_in_love_with_me.flac": 0.3094471493639074,
    "i_found_a_new_baby.flac": 0.5322608055288045,
    "i_gotta_right_to_sing_the_blues.flac": 0.2485838779956429,
    "ko-ko(ellington).flac": 0.5105653212470145,
    "lady_bird.flac": 0.24219782746134783,
    "lester_leaps_in.flac": 0.14920407432051971,
    "manteca.flac": 0.2985404921228725,
    "maple_leaf_rag(braxton).flac": 0.4311369098907077,
    "maple_leaf_rag(hyman).flac": 0.5912515836500633,
    "mean_to_me.flac": 0.31391450125733456,
    "minor_swing.flac": 0.6674371568910724,
    "moten_swing.flac": 0.2195939382164366,
    "new_east_st_louis.flac": 0.36504682218651263,
    "one_oclock_jump.flac": 0.3713407730874981,
    "potato_head_blues.flac": 0.40517678903738746,
    "riverboat_shuffle.flac": 0.5721174004192873,
    "september_in_the_rain.flac": 0.30038022813688203,
    "stompin_at_the_savoy.flac": 0.25235094829496924,
    "struttin_with_some_barbecue.flac": 0.5226663750205066,
    "sweethearts_on_parade.flac": 0.4651174387872137,
    "swing_that_music.flac": 0.4724536106164191,
    "thats_a_serious_thing.flac": 0.38265569917743814,
    "the_golden_bullet.flac": 0.33051186350306594,
    "the_preacher.flac": 0.22920112312011923,
    "the_stampede.flac": 0.014866860139504182,
    "these_foolish_things.flac": 0.3498090109991252,
    "walkin_shoes.flac": 0.17939892114050804,
    "weather_bird.flac": 0.20281282066759157,
    "west_end_blues.flac": 0.4575984897411693,
    "when_lights_are_low.flac": 0.21571648690292722,
    "wrappin_it_up.flac": 0.504488330341113,
    "you_d_be_so_nice_to_come_home_to.flac": 0.1354514071733663
}